<?xml version="1.0" encoding="UTF-8"?>


<!DOCTYPE log4j:configuration SYSTEM "http://logging.apache.org/log4j/1.2/apidocs/org/apache/log4j/xml/doc-files/log4j.dtd">

<log4j:configuration xmlns:log4j="http://jakarta.apache.org/log4j/">

	<!-- Appenders -->
	<appender name="console" class="org.apache.log4j.ConsoleAppender">
		<param name="Target" value="System.out" />
		<layout class="org.apache.log4j.PatternLayout">
			<param name="ConversionPattern" value="%d{HH:mm:ss.SSS} %5p --- [%10.40t] %-1.50c{1}.%-1.20M:%L: %m%n" />
		</layout>
	</appender>
	

	<!-- Application Loggers -->
	<logger name="org.zerock.myweb">
		<level value="debug" />
	</logger>


	<!-- Root Logger -->
	<root>
		<priority value="warn" />
		<appender-ref ref="console" />
	</root>
	
</log4j:configuration>
