<?xml version="1.0" encoding="UTF-8"?>


<Configuration status="WARN">

    <Appenders>
        <Console name="Console" target="SYSTEM_OUT">
            <PatternLayout pattern="%d{HH:mm:ss.SSS} %5p --- [%10.50t] %-1.50c{1.}.%-1.20M:%L: %m%n%ex"/>
        </Console>
    </Appenders>

    <Loggers>
        <Logger name="org.zerock.myweb" level="trace"/>

        <!-- log4jdbc -->
        <logger name="log4jdbc.log4j2" level="info" additivity="false">
            <MarkerFilter marker="LOG4JDBC_JDBC" onMatch="DENY" onMismatch="NEUTRAL"/>
            <appender-ref ref="Console"/>
        </logger>

        <Root level="warn">
            <AppenderRef ref="Console"/>
        </Root>
    </Loggers>

</Configuration>